{
  "PuchaseFlight/confirmation.php-313" : {
    "transaction" : "PuchaseFlight/confirmation.php-313",
    "sampleCount" : 4629,
    "errorCount" : 673,
    "errorPct" : 14.538777,
    "meanResTime" : 2525.433138906895,
    "medianResTime" : 1070.0,
    "minResTime" : 166.0,
    "maxResTime" : 10725.0,
    "pct1ResTime" : 8656.0,
    "pct2ResTime" : 10096.0,
    "pct3ResTime" : 10413.8,
    "throughput" : 56.63770953138383,
    "receivedKBytesPerSec" : 114.19756744769361,
    "sentKBytesPerSec" : 44.52476188746482
  },
  "Total" : {
    "transaction" : "Total",
    "sampleCount" : 14510,
    "errorCount" : 2029,
    "errorPct" : 13.983459,
    "meanResTime" : 2673.9008959338357,
    "medianResTime" : 1293.5,
    "minResTime" : 165.0,
    "maxResTime" : 16540.0,
    "pct1ResTime" : 8924.9,
    "pct2ResTime" : 10173.449999999999,
    "pct3ResTime" : 10495.0,
    "throughput" : 171.7423982387823,
    "receivedKBytesPerSec" : 356.66850003550843,
    "sentKBytesPerSec" : 118.66385046663984
  },
  "ChooseFlight/purchase.php-237" : {
    "transaction" : "ChooseFlight/purchase.php-237",
    "sampleCount" : 4840,
    "errorCount" : 659,
    "errorPct" : 13.615703,
    "meanResTime" : 2606.81363636363,
    "medianResTime" : 1199.0,
    "minResTime" : 165.0,
    "maxResTime" : 12078.0,
    "pct1ResTime" : 8922.000000000011,
    "pct2ResTime" : 10153.9,
    "pct3ResTime" : 10382.77,
    "throughput" : 57.609446044706836,
    "receivedKBytesPerSec" : 126.37579376651512,
    "sentKBytesPerSec" : 38.76260578594044
  },
  "FindFlights/reserve.php-230" : {
    "transaction" : "FindFlights/reserve.php-230",
    "sampleCount" : 5041,
    "errorCount" : 697,
    "errorPct" : 13.826622,
    "meanResTime" : 2874.6466970839147,
    "medianResTime" : 1506.0,
    "minResTime" : 274.0,
    "maxResTime" : 16540.0,
    "pct1ResTime" : 9183.000000000004,
    "pct2ResTime" : 10296.199999999997,
    "pct3ResTime" : 10601.16,
    "throughput" : 59.82033725331973,
    "receivedKBytesPerSec" : 120.84097874069941,
    "sentKBytesPerSec" : 37.14227512860601
  }
}