{
  "PuchaseFlight/confirmation.php-313" : {
    "transaction" : "PuchaseFlight/confirmation.php-313",
    "sampleCount" : 3626,
    "errorCount" : 131,
    "errorPct" : 3.6127965,
    "meanResTime" : 1902.8899613899632,
    "medianResTime" : 373.5,
    "minResTime" : 168.0,
    "maxResTime" : 10658.0,
    "pct1ResTime" : 8685.900000000009,
    "pct2ResTime" : 10018.149999999996,
    "pct3ResTime" : 10375.73,
    "throughput" : 38.70086345831599,
    "receivedKBytesPerSec" : 86.86629387334166,
    "sentKBytesPerSec" : 30.424018636664425
  },
  "Total" : {
    "transaction" : "Total",
    "sampleCount" : 11178,
    "errorCount" : 425,
    "errorPct" : 3.8021114,
    "meanResTime" : 1955.4789765611065,
    "medianResTime" : 432.0,
    "minResTime" : 167.0,
    "maxResTime" : 11129.0,
    "pct1ResTime" : 8831.1,
    "pct2ResTime" : 10120.0,
    "pct3ResTime" : 10468.629999999997,
    "throughput" : 117.73999873601718,
    "receivedKBytesPerSec" : 270.4167065775822,
    "sentKBytesPerSec" : 81.45323090793465
  },
  "ChooseFlight/purchase.php-237" : {
    "transaction" : "ChooseFlight/purchase.php-237",
    "sampleCount" : 3724,
    "errorCount" : 151,
    "errorPct" : 4.05478,
    "meanResTime" : 1864.859291084854,
    "medianResTime" : 370.0,
    "minResTime" : 167.0,
    "maxResTime" : 10677.0,
    "pct1ResTime" : 8787.5,
    "pct2ResTime" : 10106.75,
    "pct3ResTime" : 10418.75,
    "throughput" : 39.467130154625515,
    "receivedKBytesPerSec" : 95.27297259344829,
    "sentKBytesPerSec" : 26.555520191930647
  },
  "FindFlights/reserve.php-230" : {
    "transaction" : "FindFlights/reserve.php-230",
    "sampleCount" : 3828,
    "errorCount" : 143,
    "errorPct" : 3.7356322,
    "meanResTime" : 2093.4506269592453,
    "medianResTime" : 506.0,
    "minResTime" : 280.0,
    "maxResTime" : 11129.0,
    "pct1ResTime" : 9073.8,
    "pct2ResTime" : 10247.0,
    "pct3ResTime" : 10552.42,
    "throughput" : 40.49165414965411,
    "receivedKBytesPerSec" : 90.38043688450676,
    "sentKBytesPerSec" : 25.141107692806067
  }
}