{
  "PuchaseFlight/confirmation.php-313" : {
    "transaction" : "PuchaseFlight/confirmation.php-313",
    "sampleCount" : 2380,
    "errorCount" : 22,
    "errorPct" : 0.92436975,
    "meanResTime" : 1108.287394957984,
    "medianResTime" : 318.0,
    "minResTime" : 168.0,
    "maxResTime" : 8856.0,
    "pct1ResTime" : 4488.100000000002,
    "pct2ResTime" : 6281.849999999999,
    "pct3ResTime" : 8007.85,
    "throughput" : 23.01362445245946,
    "receivedKBytesPerSec" : 52.97998636587795,
    "sentKBytesPerSec" : 18.091765316630728
  },
  "Total" : {
    "transaction" : "Total",
    "sampleCount" : 7242,
    "errorCount" : 96,
    "errorPct" : 1.3256006,
    "meanResTime" : 1123.3025407346017,
    "medianResTime" : 378.0,
    "minResTime" : 167.0,
    "maxResTime" : 8856.0,
    "pct1ResTime" : 4407.599999999997,
    "pct2ResTime" : 6273.849999999999,
    "pct3ResTime" : 8013.549999999996,
    "throughput" : 69.44630904662358,
    "receivedKBytesPerSec" : 163.35385024201204,
    "sentKBytesPerSec" : 48.09156864020157
  },
  "ChooseFlight/purchase.php-237" : {
    "transaction" : "ChooseFlight/purchase.php-237",
    "sampleCount" : 2411,
    "errorCount" : 39,
    "errorPct" : 1.617586,
    "meanResTime" : 1063.4197428452926,
    "medianResTime" : 316.0,
    "minResTime" : 167.0,
    "maxResTime" : 8586.0,
    "pct1ResTime" : 4262.400000000001,
    "pct2ResTime" : 6137.6,
    "pct3ResTime" : 7905.760000000003,
    "throughput" : 23.543542370564225,
    "receivedKBytesPerSec" : 58.24595581862879,
    "sentKBytesPerSec" : 15.841309270819092
  },
  "FindFlights/reserve.php-230" : {
    "transaction" : "FindFlights/reserve.php-230",
    "sampleCount" : 2451,
    "errorCount" : 35,
    "errorPct" : 1.4279885,
    "meanResTime" : 1196.7882496940013,
    "medianResTime" : 439.0,
    "minResTime" : 275.0,
    "maxResTime" : 8697.0,
    "pct1ResTime" : 4431.200000000002,
    "pct2ResTime" : 6388.000000000002,
    "pct3ResTime" : 8073.52,
    "throughput" : 24.104561279282468,
    "receivedKBytesPerSec" : 54.98612939728762,
    "sentKBytesPerSec" : 14.966697645600991
  }
}